event_id,start_time,end_time,duration_min,n_steps,event_size,day_of_year,month,hour_of_day
1,2023-12-15 09:00:00,2023-12-15 09:30:00,60.0,2,9.43333338,349,12,9
2,2023-12-21 08:00:00,2023-12-21 08:30:00,60.0,2,6.1000010200000006,355,12,8
3,2023-12-22 10:00:00,2023-12-22 10:30:00,60.0,2,14.116666639999998,356,12,10
4,2023-12-24 18:30:00,2023-12-24 18:30:00,30.0,1,2.8166666019999997,358,12,18
5,2023-12-28 14:30:00,2023-12-28 15:00:00,60.0,2,7.000000644,362,12,14
6,2024-01-04 09:30:00,2024-01-04 10:00:00,60.0,2,18.33333318,4,1,9
7,2024-01-08 07:30:00,2024-01-08 08:00:00,60.0,2,16.316666599999998,8,1,7
8,2024-01-10 09:00:00,2024-01-10 09:30:00,60.0,2,6.066666920000003,10,1,9
9,2024-01-13 09:30:00,2024-01-13 10:00:00,60.0,2,24.03333266,13,1,9
10,2024-01-15 08:30:00,2024-01-15 09:00:00,60.0,2,8.266667060000003,15,1,8
11,2024-01-19 14:00:00,2024-01-19 15:00:00,90.0,3,19.508332770000003,19,1,14
12,2024-01-23 15:00:00,2024-01-23 15:00:00,30.0,1,2.3333330200000013,23,1,15
13,2024-01-25 09:00:00,2024-01-25 09:30:00,60.0,2,17.31666628,25,1,9
14,2024-01-28 10:00:00,2024-01-28 10:30:00,60.0,2,20.56666772,28,1,10
15,2024-01-31 14:00:00,2024-01-31 14:30:00,60.0,2,7.099999419999996,31,1,14
16,2024-02-01 08:30:00,2024-02-01 09:00:00,60.0,2,9.766666399999998,32,2,8
17,2024-02-02 14:30:00,2024-02-02 15:00:00,60.0,2,7.233332320000002,33,2,14
18,2024-02-03 09:00:00,2024-02-03 09:30:00,60.0,2,7.366668059999995,34,2,9
19,2024-02-04 09:00:00,2024-02-04 09:30:00,60.0,2,8.333333339999996,35,2,9
20,2024-02-06 20:00:00,2024-02-06 20:30:00,60.0,2,6.76666642,37,2,20
21,2024-02-07 07:30:00,2024-02-07 08:00:00,60.0,2,7.166666360000001,38,2,7
22,2024-02-07 16:30:00,2024-02-07 17:00:00,60.0,2,8.366666800000004,38,2,16
23,2024-02-09 07:30:00,2024-02-09 08:00:00,60.0,2,16.03333362,40,2,7
24,2024-02-12 15:30:00,2024-02-12 16:30:00,90.0,3,20.350000530000003,43,2,15
25,2024-02-13 07:30:00,2024-02-13 08:00:00,60.0,2,11.34999942,44,2,7
26,2024-02-14 08:00:00,2024-02-14 08:30:00,60.0,2,8.666666660000004,45,2,8
27,2024-02-19 10:30:00,2024-02-19 11:30:00,90.0,3,16.29999924,50,2,10
28,2024-02-21 06:30:00,2024-02-21 07:00:00,60.0,2,17.76666658,52,2,6
29,2024-02-23 17:00:00,2024-02-23 18:00:00,90.0,3,9.816667879999994,54,2,17
30,2024-02-24 07:00:00,2024-02-24 07:30:00,60.0,2,8.200000760000002,55,2,7
31,2024-02-25 05:30:00,2024-02-25 06:00:00,60.0,2,6.400000259999999,56,2,5
32,2024-02-26 13:30:00,2024-02-26 14:00:00,60.0,2,9.300001780000002,57,2,13
33,2024-03-01 14:30:00,2024-03-01 15:00:00,60.0,2,7.466667180000002,61,3,14
34,2024-03-03 15:30:00,2024-03-03 16:30:00,90.0,3,10.233334209999997,63,3,15
35,2024-03-04 17:30:00,2024-03-04 18:30:00,90.0,3,26.133333039999997,64,3,17
36,2024-03-05 09:30:00,2024-03-05 10:00:00,60.0,2,7.233334220000003,65,3,9
37,2024-03-07 11:30:00,2024-03-07 12:00:00,60.0,2,6.0666656399999965,67,3,11
38,2024-03-07 14:30:00,2024-03-07 15:30:00,90.0,3,14.0333325,67,3,14
39,2024-03-09 17:00:00,2024-03-09 17:00:00,30.0,1,2.3000001899999987,69,3,17
40,2024-03-10 07:30:00,2024-03-10 08:00:00,60.0,2,7.700000439999997,70,3,7
41,2024-03-10 21:00:00,2024-03-10 21:30:00,60.0,2,6.4666665399999985,70,3,21
42,2024-03-11 09:00:00,2024-03-11 09:30:00,60.0,2,9.166666199999998,71,3,9
43,2024-03-13 13:30:00,2024-03-13 15:00:00,120.0,4,17.883331919999996,73,3,13
44,2024-03-13 17:30:00,2024-03-13 18:00:00,60.0,2,9.099997819999999,73,3,17
45,2024-03-14 07:30:00,2024-03-14 08:00:00,60.0,2,6.5333334600000015,74,3,7
46,2024-03-15 14:30:00,2024-03-15 15:00:00,60.0,2,12.06666612,75,3,14
47,2024-03-16 15:30:00,2024-03-16 16:00:00,60.0,2,28.65000026,76,3,15
48,2024-03-18 12:00:00,2024-03-18 12:30:00,60.0,2,7.533331539999992,78,3,12
49,2024-03-18 17:00:00,2024-03-18 18:00:00,90.0,3,9.89999994,78,3,17
50,2024-03-20 07:00:00,2024-03-20 07:30:00,60.0,2,7.100000379999997,80,3,7
51,2024-03-20 14:00:00,2024-03-20 14:30:00,60.0,2,27.599999259999997,80,3,14
52,2024-03-22 16:00:00,2024-03-22 16:30:00,60.0,2,6.266668960000004,82,3,16
53,2024-03-23 13:00:00,2024-03-23 13:30:00,60.0,2,7.666667299999993,83,3,13
54,2024-03-24 18:00:00,2024-03-24 19:00:00,90.0,3,9.949999169999998,84,3,18
55,2024-03-25 07:00:00,2024-03-25 07:30:00,60.0,2,14.566665800000003,85,3,7
56,2024-03-26 07:00:00,2024-03-26 07:30:00,60.0,2,6.600000379999997,86,3,7
57,2024-03-27 06:00:00,2024-03-27 07:00:00,90.0,3,13.700000589999998,87,3,6
58,2024-03-28 09:00:00,2024-03-28 09:30:00,60.0,2,9.099999759999996,88,3,9
59,2024-03-29 20:30:00,2024-03-29 21:00:00,60.0,2,7.833333320000001,89,3,20
60,2024-03-30 12:30:00,2024-03-30 13:30:00,90.0,3,16.03333156,90,3,12
61,2024-03-30 14:30:00,2024-03-30 16:00:00,120.0,4,17.54999892,90,3,14
62,2024-03-31 11:30:00,2024-03-31 13:00:00,120.0,4,19.53333408999999,91,3,11
63,2024-03-31 16:00:00,2024-03-31 16:30:00,60.0,2,8.766664500000005,91,3,16
64,2024-04-01 07:00:00,2024-04-01 08:30:00,120.0,4,14.633332562999996,92,4,7
65,2024-04-02 07:30:00,2024-04-02 08:00:00,60.0,2,7.366666473999999,93,4,7
66,2024-04-04 14:30:00,2024-04-04 15:00:00,60.0,2,20.71666718,95,4,14
67,2024-04-06 07:30:00,2024-04-06 08:00:00,60.0,2,6.4666668529999995,97,4,7
68,2024-04-06 15:00:00,2024-04-06 16:00:00,90.0,3,17.733333589999997,97,4,15
69,2024-04-07 16:30:00,2024-04-07 17:00:00,60.0,2,16.81666596,98,4,16
70,2024-04-09 08:00:00,2024-04-09 09:00:00,90.0,3,18.10000037,100,4,8
71,2024-04-10 07:00:00,2024-04-10 08:00:00,90.0,3,10.966667159999998,101,4,7
72,2024-04-11 11:00:00,2024-04-11 11:00:00,30.0,1,4.4833329599999985,102,4,11
73,2024-04-12 10:30:00,2024-04-12 11:00:00,60.0,2,7.999998740000009,103,4,10
74,2024-04-13 13:00:00,2024-04-13 13:30:00,60.0,2,6.133333840000006,104,4,13
75,2024-04-13 17:30:00,2024-04-13 17:30:00,30.0,1,2.133333529999998,104,4,17
76,2024-04-14 08:30:00,2024-04-14 08:30:00,30.0,1,2.47916678,105,4,8
77,2024-04-15 12:00:00,2024-04-15 12:30:00,60.0,2,7.966667180000002,106,4,12
78,2024-04-16 09:00:00,2024-04-16 10:00:00,90.0,3,19.066665649999997,107,4,9
79,2024-04-16 19:00:00,2024-04-16 19:00:00,30.0,1,2.9833331099999985,107,4,19
80,2024-04-17 12:30:00,2024-04-17 13:30:00,90.0,3,10.7666683,108,4,12
81,2024-04-17 20:00:00,2024-04-17 20:00:00,30.0,1,2.25,108,4,20
82,2024-04-19 12:00:00,2024-04-19 12:30:00,60.0,2,8.266666420000007,110,4,12
83,2024-04-19 15:30:00,2024-04-19 16:30:00,90.0,3,12.950002679999997,110,4,15
84,2024-04-20 11:00:00,2024-04-20 11:30:00,60.0,2,6.8999989800000066,111,4,11
85,2024-04-20 14:30:00,2024-04-20 15:00:00,60.0,2,26.799999079999996,111,4,14
86,2024-04-21 05:30:00,2024-04-21 06:00:00,60.0,2,7.133333200000003,112,4,5
87,2024-04-21 13:00:00,2024-04-21 13:30:00,60.0,2,6.166665399999999,112,4,13
88,2024-04-22 07:30:00,2024-04-22 07:30:00,30.0,1,3.88333321,113,4,7
89,2024-04-23 18:30:00,2024-04-23 19:00:00,60.0,2,8.100001640000002,114,4,18
90,2024-04-24 16:00:00,2024-04-24 16:30:00,60.0,2,13.666666660000004,115,4,16
91,2024-04-25 05:00:00,2024-04-25 06:00:00,90.0,3,12.099999099999998,116,4,5
92,2024-04-25 11:00:00,2024-04-25 11:30:00,60.0,2,13.11666554,116,4,11
93,2024-04-26 16:30:00,2024-04-26 17:00:00,60.0,2,16.699999799999993,117,4,16
94,2024-04-27 15:00:00,2024-04-27 16:00:00,90.0,3,9.416667309999994,118,4,15
95,2024-04-28 10:00:00,2024-04-28 10:30:00,60.0,2,9.333333960000004,119,4,10
96,2024-04-30 07:30:00,2024-04-30 08:00:00,60.0,2,11.000000640000003,121,4,7
97,2024-04-30 15:00:00,2024-04-30 15:00:00,30.0,1,3.316665969999999,121,4,15
98,2024-05-01 10:00:00,2024-05-01 10:30:00,60.0,2,14.000000639999996,122,5,10
99,2024-05-01 16:30:00,2024-05-01 17:00:00,60.0,2,4.300000499999996,122,5,16
100,2024-05-02 10:30:00,2024-05-02 11:30:00,90.0,3,13.462500089999999,123,5,10
101,2024-05-02 16:00:00,2024-05-02 16:30:00,60.0,2,8.266666399999991,123,5,16
102,2024-05-03 05:30:00,2024-05-03 06:00:00,60.0,2,6.166666679999999,124,5,5
103,2024-05-03 14:00:00,2024-05-03 14:30:00,60.0,2,7.2999992199999895,124,5,14
104,2024-05-03 16:30:00,2024-05-03 17:00:00,60.0,2,6.500001279999999,124,5,16
105,2024-05-04 07:30:00,2024-05-04 08:00:00,60.0,2,7.40000088,125,5,7
106,2024-05-04 14:30:00,2024-05-04 15:00:00,60.0,2,6.4666668399999985,125,5,14
107,2024-05-05 06:30:00,2024-05-05 07:00:00,60.0,2,8.199999180000002,126,5,6
108,2024-05-06 09:00:00,2024-05-06 09:30:00,60.0,2,9.383333059999998,127,5,9
109,2024-05-08 11:00:00,2024-05-08 11:30:00,60.0,2,23.783331859999997,129,5,11
110,2024-05-09 16:00:00,2024-05-09 16:30:00,60.0,2,8.733332940000004,130,5,16
111,2024-05-11 08:00:00,2024-05-11 08:30:00,60.0,2,35.04999892000001,132,5,8
112,2024-05-12 14:00:00,2024-05-12 14:30:00,60.0,2,6.1333325599999995,133,5,14
113,2024-05-12 16:00:00,2024-05-12 17:00:00,90.0,3,21.466666539999995,133,5,16
114,2024-05-14 15:30:00,2024-05-14 16:00:00,60.0,2,9.63333256,135,5,15
115,2024-05-15 15:00:00,2024-05-15 15:30:00,60.0,2,6.233334859999999,136,5,15
116,2024-05-16 15:30:00,2024-05-16 16:30:00,90.0,3,10.099999110000006,137,5,15
117,2024-05-16 18:30:00,2024-05-16 19:00:00,60.0,2,9.500000639999996,137,5,18
118,2024-05-18 18:30:00,2024-05-18 19:00:00,60.0,2,6.03333284,139,5,18
119,2024-05-20 15:30:00,2024-05-20 16:00:00,60.0,2,27.133331940000005,141,5,15
120,2024-05-21 17:30:00,2024-05-21 18:00:00,60.0,2,13.866667740000004,142,5,17
121,2024-05-22 07:00:00,2024-05-22 07:30:00,60.0,2,6.133333840000006,143,5,7
122,2024-05-27 17:00:00,2024-05-27 17:30:00,60.0,2,21.316666279999993,148,5,17
123,2024-05-30 14:30:00,2024-05-30 15:00:00,60.0,2,28.499999999999993,151,5,14
124,2024-05-31 14:30:00,2024-05-31 15:00:00,60.0,2,6.9666659000000095,152,5,14
125,2024-06-01 17:00:00,2024-06-01 18:00:00,90.0,3,33.06666613,153,6,17
126,2024-06-02 13:30:00,2024-06-02 14:00:00,60.0,2,30.01666642,154,6,13
127,2024-06-03 16:30:00,2024-06-03 17:00:00,60.0,2,6.500001280000006,155,6,16
128,2024-06-04 11:30:00,2024-06-04 12:00:00,60.0,2,8.408334080000003,156,6,11
129,2024-06-06 20:30:00,2024-06-06 21:30:00,90.0,3,9.183334339999998,158,6,20
130,2024-06-08 12:00:00,2024-06-08 12:30:00,60.0,2,6.333332060000004,160,6,12
131,2024-06-09 17:00:00,2024-06-09 18:00:00,90.0,3,7.283333770000002,161,6,17
132,2024-06-10 11:30:00,2024-06-10 11:30:00,30.0,1,2.116667109999998,162,6,11
133,2024-06-12 15:00:00,2024-06-12 15:00:00,30.0,1,4.116666790000004,164,6,15
134,2024-06-13 09:00:00,2024-06-13 09:30:00,60.0,2,24.5833346,165,6,9
135,2024-06-13 16:00:00,2024-06-13 16:30:00,60.0,2,9.766666399999991,165,6,16
136,2024-06-15 11:00:00,2024-06-15 12:00:00,90.0,3,12.633333219999997,167,6,11
137,2024-06-15 15:00:00,2024-06-15 15:00:00,30.0,1,4.666666980000002,167,6,15
138,2024-06-17 13:00:00,2024-06-17 13:30:00,60.0,2,8.900001539999991,169,6,13
139,2024-06-20 05:00:00,2024-06-20 05:30:00,60.0,2,10.183333720000007,172,6,5
140,2024-06-21 11:00:00,2024-06-21 11:30:00,60.0,2,6.466668459999994,173,6,11
141,2024-06-21 14:00:00,2024-06-21 14:00:00,30.0,1,4.383332889999998,173,6,14
142,2024-06-22 10:00:00,2024-06-22 10:30:00,60.0,2,8.566666919999989,174,6,10
143,2024-06-22 14:00:00,2024-06-22 14:30:00,60.0,2,9.033334739999994,174,6,14
144,2024-06-24 04:00:00,2024-06-24 05:00:00,90.0,3,13.599998469999996,176,6,4
145,2024-06-26 08:30:00,2024-06-26 09:00:00,60.0,2,7.799999220000004,178,6,8
146,2024-06-29 01:30:00,2024-06-29 02:00:00,60.0,2,9.166666660000004,181,6,1
147,2024-06-29 11:00:00,2024-06-29 12:00:00,90.0,3,9.299999249999995,181,6,11
148,2024-06-30 13:30:00,2024-06-30 14:30:00,90.0,3,9.049999239999995,182,6,13
149,2024-07-01 13:30:00,2024-07-01 14:00:00,60.0,2,7.200000119999999,183,7,13
150,2024-07-04 14:30:00,2024-07-04 15:00:00,60.0,2,12.416666979999988,186,7,14
151,2024-07-05 17:00:00,2024-07-05 17:00:00,30.0,1,3.6166664799999992,187,7,17
152,2024-07-07 13:30:00,2024-07-07 16:00:00,180.0,6,24.816667250000002,189,7,13
153,2024-07-08 01:30:00,2024-07-08 02:30:00,90.0,3,11.566665969999995,190,7,1
154,2024-07-08 12:30:00,2024-07-08 13:30:00,90.0,3,12.133333210000004,190,7,12
155,2024-07-08 15:30:00,2024-07-08 16:30:00,90.0,3,10.699999809999998,190,7,15
156,2024-07-09 12:30:00,2024-07-09 13:00:00,60.0,2,14.466667179999995,191,7,12
157,2024-07-10 01:30:00,2024-07-10 02:00:00,60.0,2,12.116666779999996,192,7,1
158,2024-07-11 08:00:00,2024-07-11 08:30:00,60.0,2,16.816666279999993,193,7,8
159,2024-07-12 09:30:00,2024-07-12 11:30:00,150.0,5,18.96666493,194,7,9
160,2024-07-17 16:00:00,2024-07-17 16:30:00,60.0,2,6.200001400000005,199,7,16
161,2024-07-19 15:00:00,2024-07-19 15:30:00,60.0,2,17.71666654,201,7,15
162,2024-07-21 10:00:00,2024-07-21 11:00:00,90.0,3,9.883333210000004,203,7,10
163,2024-07-22 13:00:00,2024-07-22 13:00:00,30.0,1,3.266666409999999,204,7,13
164,2024-07-22 15:00:00,2024-07-22 15:30:00,60.0,2,15.14999898,204,7,15
165,2024-07-23 13:30:00,2024-07-23 14:00:00,60.0,2,6.30000050000001,205,7,13
166,2024-07-24 13:00:00,2024-07-24 13:30:00,60.0,2,11.750000319999998,206,7,13
167,2024-07-25 10:00:00,2024-07-25 10:30:00,60.0,2,6.199996939999991,207,7,10
168,2024-07-26 05:30:00,2024-07-26 06:00:00,60.0,2,6.366666159999994,208,7,5
169,2024-07-26 14:00:00,2024-07-26 15:00:00,90.0,3,10.966663999999994,208,7,14
170,2024-07-28 13:30:00,2024-07-28 14:00:00,60.0,2,9.600002279999998,210,7,13
171,2024-07-29 12:30:00,2024-07-29 14:00:00,120.0,4,26.533332179999995,211,7,12
172,2024-07-31 12:00:00,2024-07-31 13:00:00,90.0,3,12.808335619999987,213,7,12
173,2024-08-01 11:30:00,2024-08-01 12:30:00,90.0,3,11.716666539999999,214,8,11
174,2024-08-04 09:30:00,2024-08-04 11:00:00,120.0,4,12.999999979999998,217,8,9
175,2024-08-04 13:00:00,2024-08-04 14:00:00,90.0,3,12.11666426,217,8,13
176,2024-08-05 11:00:00,2024-08-05 12:00:00,90.0,3,12.283333460000001,218,8,11
177,2024-08-05 17:00:00,2024-08-05 18:00:00,90.0,3,8.599998479999996,218,8,17
178,2024-08-06 12:30:00,2024-08-06 13:00:00,60.0,2,6.233336139999992,219,8,12
179,2024-08-06 15:00:00,2024-08-06 15:00:00,30.0,1,3.683333400000002,219,8,15
180,2024-08-07 10:00:00,2024-08-07 10:30:00,60.0,2,8.200000759999995,220,8,10
181,2024-08-09 07:00:00,2024-08-09 07:30:00,60.0,2,11.900000880000007,222,8,7
182,2024-08-10 04:00:00,2024-08-10 04:30:00,60.0,2,11.40000216,223,8,4
183,2024-08-13 10:00:00,2024-08-13 11:00:00,90.0,3,12.60000037999999,226,8,10
184,2024-08-14 14:00:00,2024-08-14 14:00:00,30.0,1,3.16666571,227,8,14
185,2024-08-15 04:00:00,2024-08-15 04:30:00,60.0,2,6.666666659999997,228,8,4
186,2024-08-15 15:00:00,2024-08-15 15:30:00,60.0,2,7.3666649000000035,228,8,15
187,2024-08-18 06:30:00,2024-08-18 07:00:00,60.0,2,11.066667559999999,231,8,6
188,2024-08-18 10:30:00,2024-08-18 11:00:00,60.0,2,13.383334480000002,231,8,10
189,2024-08-23 13:00:00,2024-08-23 13:00:00,30.0,1,3.666666669999998,236,8,13
190,2024-08-25 15:00:00,2024-08-25 15:00:00,30.0,1,2.1166667899999965,238,8,15
191,2024-08-27 04:30:00,2024-08-27 04:30:00,30.0,1,4.783333459999998,240,8,4
192,2024-08-30 03:00:00,2024-08-30 03:00:00,30.0,1,4.916666029999998,243,8,3
193,2024-08-31 12:00:00,2024-08-31 12:30:00,60.0,2,6.333332060000004,244,8,12
194,2024-09-01 15:00:00,2024-09-01 15:00:00,30.0,1,3.016667049999999,245,9,15
195,2024-09-03 04:30:00,2024-09-03 05:00:00,60.0,2,6.3000005199999976,247,9,4
196,2024-09-05 10:00:00,2024-09-05 10:00:00,30.0,1,4.450000129999999,249,9,10
197,2024-09-07 02:00:00,2024-09-07 02:30:00,60.0,2,6.0,251,9,2
198,2024-09-08 02:00:00,2024-09-08 02:30:00,60.0,2,5.5,252,9,2
199,2024-09-09 11:00:00,2024-09-09 12:00:00,90.0,3,16.749999030000012,253,9,11
200,2024-09-11 09:00:00,2024-09-11 10:00:00,90.0,3,11.64999834999999,255,9,9
201,2024-09-12 02:00:00,2024-09-12 02:00:00,30.0,1,2.7833334600000015,256,9,2
202,2024-09-12 12:30:00,2024-09-12 13:00:00,60.0,2,6.400000259999999,256,9,12
203,2024-09-13 05:30:00,2024-09-13 06:00:00,60.0,2,7.466667180000002,257,9,5
204,2024-09-14 01:30:00,2024-09-14 02:00:00,60.0,2,6.400000240000004,258,9,1
205,2024-09-15 14:00:00,2024-09-15 14:00:00,30.0,1,2.1333325700000003,259,9,14
206,2024-09-16 13:30:00,2024-09-16 14:30:00,90.0,3,15.583332359999996,260,9,13
207,2024-09-18 12:00:00,2024-09-18 12:00:00,30.0,1,3.8333320600000036,262,9,12
208,2024-09-21 10:00:00,2024-09-21 10:30:00,60.0,2,8.500000639999996,265,9,10
209,2024-09-25 01:30:00,2024-09-25 02:00:00,60.0,2,7.133333200000003,269,9,1
210,2024-09-25 06:00:00,2024-09-25 07:00:00,90.0,3,14.633333209999996,269,9,6
211,2024-09-28 10:30:00,2024-09-28 11:00:00,60.0,2,7.3333320599999965,272,9,10
212,2024-09-29 12:30:00,2024-09-29 13:00:00,60.0,2,4.833333320000001,273,9,12
213,2024-09-30 04:30:00,2024-09-30 05:00:00,60.0,2,7.900000899999995,274,9,4
214,2024-10-02 11:00:00,2024-10-02 12:00:00,90.0,3,12.199999179999995,276,10,11
215,2024-10-05 02:30:00,2024-10-05 03:00:00,60.0,2,8.766667059999996,279,10,2
216,2024-10-08 01:30:00,2024-10-08 02:00:00,60.0,2,7.733333600000002,282,10,1
217,2024-10-10 00:30:00,2024-10-10 01:00:00,60.0,2,7.1666673,284,10,0
218,2024-10-14 07:30:00,2024-10-14 08:00:00,60.0,2,10.200001719999996,288,10,7
219,2024-10-16 01:00:00,2024-10-16 01:30:00,60.0,2,8.833332079999998,290,10,1
220,2024-10-17 01:30:00,2024-10-17 01:30:00,30.0,1,2.1833330800000006,291,10,1
221,2024-10-17 07:00:00,2024-10-17 07:30:00,60.0,2,5.966667180000002,291,10,7
222,2024-10-19 02:30:00,2024-10-19 03:00:00,60.0,2,9.933333080000004,293,10,2
223,2024-10-20 08:00:00,2024-10-20 08:00:00,30.0,1,3.133332890000002,294,10,8
224,2024-10-20 12:30:00,2024-10-20 12:30:00,30.0,1,2.8166662900000006,294,10,12
225,2024-10-21 07:00:00,2024-10-21 07:30:00,60.0,2,10.63332874000001,295,10,7
226,2024-10-22 02:00:00,2024-10-22 02:30:00,60.0,2,8.066667539999997,296,10,2
227,2024-10-22 06:30:00,2024-10-22 07:00:00,60.0,2,7.833330780000011,296,10,6
228,2024-10-24 10:00:00,2024-10-24 10:00:00,30.0,1,3.70000044,298,10,10
229,2024-10-24 11:00:00,2024-10-24 11:00:00,30.0,1,3.133333199999999,298,10,11
230,2024-10-25 01:00:00,2024-10-25 01:30:00,60.0,2,5.449999809999998,299,10,1
231,2024-10-26 06:30:00,2024-10-26 07:30:00,90.0,3,12.800003069999995,300,10,6
232,2024-10-26 12:00:00,2024-10-26 12:30:00,60.0,2,6.0,300,10,12
233,2024-11-04 05:30:00,2024-11-04 06:00:00,60.0,2,6.59999912,309,11,5
234,2024-11-06 09:30:00,2024-11-06 10:00:00,60.0,2,6.633332580000001,311,11,9
235,2024-11-09 08:00:00,2024-11-09 08:30:00,60.0,2,7.200000760000009,314,11,8
236,2024-11-12 05:30:00,2024-11-12 06:00:00,60.0,2,7.8499999,317,11,5
237,2024-11-15 04:00:00,2024-11-15 04:00:00,30.0,1,2.1666669799999987,320,11,4
238,2024-11-17 04:00:00,2024-11-17 04:30:00,60.0,2,8.799999239999998,322,11,4
239,2024-11-19 14:30:00,2024-11-19 15:00:00,60.0,2,6.166666679999999,324,11,14
240,2024-11-25 02:30:00,2024-11-25 03:00:00,60.0,2,19.100000379999997,330,11,2
241,2024-12-02 12:00:00,2024-12-02 12:30:00,60.0,2,12.566666286000004,337,12,12
242,2024-12-03 13:30:00,2024-12-03 14:00:00,60.0,2,6.433332780000001,338,12,13
243,2024-12-05 04:30:00,2024-12-05 05:00:00,60.0,2,8.699999500000004,340,12,4
244,2024-12-08 05:00:00,2024-12-08 05:30:00,60.0,2,6.3333327,343,12,5
245,2024-12-13 04:30:00,2024-12-13 05:00:00,60.0,2,5.06666628,348,12,4
246,2024-12-21 05:00:00,2024-12-21 05:30:00,60.0,2,7.03333314,356,12,5
247,2024-12-26 12:30:00,2024-12-26 13:00:00,60.0,2,6.2666670400000015,361,12,12
248,2025-01-03 05:00:00,2025-01-03 06:00:00,90.0,3,9.14999835,3,1,5
249,2025-01-07 10:30:00,2025-01-07 10:30:00,30.0,1,2.1000000599999993,7,1,10
250,2025-01-12 12:30:00,2025-01-12 13:00:00,60.0,2,6.26666642,12,1,12
251,2025-01-15 03:30:00,2025-01-15 04:00:00,60.0,2,9.899999619999996,15,1,3
252,2025-01-18 08:30:00,2025-01-18 09:30:00,90.0,3,18.800000500000003,18,1,8
253,2025-01-22 05:30:00,2025-01-22 06:00:00,60.0,2,6.566666920000003,22,1,5
254,2025-01-25 09:00:00,2025-01-25 09:30:00,60.0,2,5.966667179999995,25,1,9
255,2025-01-26 17:30:00,2025-01-26 18:00:00,60.0,2,10.383332880000001,26,1,17
256,2025-01-28 03:00:00,2025-01-28 03:30:00,60.0,2,6.166666360000001,28,1,3
257,2025-01-31 00:00:00,2025-01-31 00:00:00,30.0,1,3.4499994899999997,31,1,0
258,2025-02-01 15:30:00,2025-02-01 16:00:00,60.0,2,7.40000088,32,2,15
259,2025-02-05 22:00:00,2025-02-05 22:30:00,60.0,2,9.866666800000004,36,2,22
260,2025-02-06 20:30:00,2025-02-06 21:30:00,90.0,3,9.733334870000007,37,2,20
261,2025-02-07 20:30:00,2025-02-07 21:30:00,90.0,3,12.316668820000004,38,2,20
262,2025-02-11 03:00:00,2025-02-11 03:30:00,60.0,2,5.9666665399999985,42,2,3
263,2025-02-11 17:00:00,2025-02-11 17:30:00,60.0,2,10.883333680000003,42,2,17
264,2025-02-14 16:00:00,2025-02-14 16:30:00,60.0,2,11.599999419999996,45,2,16
265,2025-02-16 20:00:00,2025-02-16 21:00:00,90.0,3,10.249996170000017,47,2,20
266,2025-02-22 15:30:00,2025-02-22 17:30:00,150.0,5,24.183335,53,2,15
267,2025-02-26 22:00:00,2025-02-26 23:00:00,90.0,3,17.24999904,57,2,22
268,2025-02-27 23:00:00,2025-02-27 23:30:00,60.0,2,6.766667680000012,58,2,23
269,2025-02-28 21:30:00,2025-02-28 22:00:00,60.0,2,33.9499995,59,2,21
270,2025-03-02 17:30:00,2025-03-02 18:00:00,60.0,2,10.716666839999995,61,3,17
271,2025-03-07 20:00:00,2025-03-07 21:30:00,120.0,4,16.983334840000012,66,3,20
272,2025-03-11 13:30:00,2025-03-11 14:00:00,60.0,2,6.9666665399999985,70,3,13
273,2025-03-12 00:30:00,2025-03-12 01:00:00,60.0,2,5.466665899999995,71,3,0
274,2025-03-12 22:00:00,2025-03-12 22:30:00,60.0,2,8.266666420000007,71,3,22
275,2025-03-13 03:00:00,2025-03-13 03:30:00,60.0,2,9.333333020000001,72,3,3
276,2025-03-15 03:00:00,2025-03-15 03:30:00,60.0,2,6.500003819999989,74,3,3
277,2025-03-15 15:30:00,2025-03-15 16:00:00,60.0,2,9.066665019999995,74,3,15
278,2025-03-16 17:30:00,2025-03-16 18:00:00,60.0,2,6.6000023,75,3,17
279,2025-03-17 22:00:00,2025-03-17 23:00:00,90.0,3,13.433333069999996,76,3,22
280,2025-03-19 12:00:00,2025-03-19 12:30:00,60.0,2,6.466669719999999,78,3,12
281,2025-03-19 22:30:00,2025-03-19 23:00:00,60.0,2,13.983332959999998,78,3,22
282,2025-03-20 21:30:00,2025-03-20 21:30:00,30.0,1,3.3666667899999965,79,3,21
283,2025-03-21 15:00:00,2025-03-21 15:30:00,60.0,2,4.600000379999997,80,3,15
284,2025-03-21 21:30:00,2025-03-21 21:30:00,30.0,1,3.5333337799999995,80,3,21
285,2025-03-22 22:30:00,2025-03-22 23:00:00,60.0,2,12.183333239999996,81,3,22
286,2025-03-23 19:30:00,2025-03-23 20:00:00,60.0,2,6.900001540000005,82,3,19
287,2025-03-24 22:00:00,2025-03-24 22:30:00,60.0,2,6.333333320000008,83,3,22
288,2025-03-27 15:30:00,2025-03-27 15:30:00,30.0,1,2.8166669199999994,86,3,15
289,2025-04-02 12:00:00,2025-04-02 12:30:00,60.0,2,17.983333259999995,92,4,12
290,2025-04-06 23:30:00,2025-04-07 00:00:00,60.0,2,7.366666159999994,96,4,23
291,2025-04-07 14:30:00,2025-04-07 15:30:00,90.0,3,9.25000064,97,4,14
292,2025-04-11 23:30:00,2025-04-12 00:30:00,90.0,3,10.94999885,101,4,23
293,2025-04-14 00:00:00,2025-04-14 00:30:00,60.0,2,14.799999880000001,104,4,0
294,2025-04-14 16:00:00,2025-04-14 17:00:00,90.0,3,13.149999620000003,104,4,16
295,2025-04-14 21:30:00,2025-04-14 22:00:00,60.0,2,7.2333332799999965,104,4,21
296,2025-04-15 21:00:00,2025-04-15 21:30:00,60.0,2,6.766668960000004,105,4,21
297,2025-04-16 14:00:00,2025-04-16 14:30:00,60.0,2,13.150000239999997,106,4,14
298,2025-04-17 23:30:00,2025-04-18 00:30:00,90.0,3,12.549998599999995,107,4,23
299,2025-04-18 19:00:00,2025-04-18 19:30:00,60.0,2,16.000000320000005,108,4,19
300,2025-04-20 01:30:00,2025-04-20 02:00:00,60.0,2,7.533332180000002,110,4,1
301,2025-04-21 21:30:00,2025-04-21 22:00:00,60.0,2,6.500001280000006,111,4,21
302,2025-04-22 20:30:00,2025-04-22 21:30:00,90.0,3,14.950000760000002,112,4,20
303,2025-04-23 14:00:00,2025-04-23 15:00:00,90.0,3,12.01666577000001,113,4,14
304,2025-04-24 00:00:00,2025-04-24 00:30:00,60.0,2,11.600001339999992,114,4,0
305,2025-04-24 20:00:00,2025-04-24 20:30:00,60.0,2,6.599999740000001,114,4,20
306,2025-04-27 16:00:00,2025-04-27 16:30:00,60.0,2,9.94999949999999,117,4,16
307,2025-04-27 20:00:00,2025-04-27 20:30:00,60.0,2,7.233334859999999,117,4,20
308,2025-04-30 16:00:00,2025-04-30 16:30:00,60.0,2,7.966666519999997,120,4,16
309,2025-05-03 00:30:00,2025-05-03 01:00:00,60.0,2,6.933334359999989,123,5,0
310,2025-05-05 09:30:00,2025-05-05 10:00:00,60.0,2,29.21666494,125,5,9
311,2025-05-05 20:00:00,2025-05-05 20:30:00,60.0,2,7.566668199999995,125,5,20
312,2025-05-06 21:00:00,2025-05-06 21:30:00,60.0,2,7.733334859999999,126,5,21
313,2025-05-07 01:00:00,2025-05-07 01:30:00,60.0,2,7.433334340000002,127,5,1
314,2025-05-07 14:00:00,2025-05-07 15:00:00,90.0,3,22.500000629999995,127,5,14
315,2025-05-09 20:30:00,2025-05-09 21:00:00,60.0,2,5.766665779999997,129,5,20
316,2025-05-10 15:30:00,2025-05-10 16:00:00,60.0,2,6.199998219999998,130,5,15
317,2025-05-11 17:30:00,2025-05-11 18:30:00,90.0,3,10.100001979999995,131,5,17
318,2025-05-16 20:00:00,2025-05-16 20:30:00,60.0,2,15.516668960000004,136,5,20
319,2025-05-18 21:30:00,2025-05-18 22:00:00,60.0,2,8.866666159999994,138,5,21
320,2025-05-22 15:00:00,2025-05-22 15:30:00,60.0,2,12.783333459999994,142,5,15
321,2025-05-23 23:00:00,2025-05-23 23:30:00,60.0,2,14.683331799999998,143,5,23
322,2025-05-29 11:30:00,2025-05-29 12:00:00,60.0,2,5.0666661200000025,149,5,11
323,2025-05-30 01:00:00,2025-05-30 01:30:00,60.0,2,6.633333839999992,150,5,1
324,2025-06-01 19:30:00,2025-06-01 20:00:00,60.0,2,6.6000010199999934,152,6,19
325,2025-06-12 00:00:00,2025-06-12 00:30:00,60.0,2,6.200000779999996,163,6,0
326,2025-06-13 19:30:00,2025-06-13 20:00:00,60.0,2,6.800000499999996,164,6,19
327,2025-06-16 19:00:00,2025-06-16 19:30:00,60.0,2,6.099999740000001,167,6,19
328,2025-06-21 00:00:00,2025-06-21 00:30:00,60.0,2,6.5666656399999965,172,6,0
329,2025-06-23 19:00:00,2025-06-23 19:30:00,60.0,2,6.199998219999998,174,6,19
330,2025-06-25 13:00:00,2025-06-25 13:30:00,60.0,2,8.433334339999988,176,6,13
331,2025-07-08 22:30:00,2025-07-08 23:00:00,60.0,2,18.79999954,189,7,22
332,2025-07-10 01:30:00,2025-07-10 02:00:00,60.0,2,6.899995160000003,191,7,1
333,2025-07-11 14:00:00,2025-07-11 15:00:00,90.0,3,11.58333270000001,192,7,14
334,2025-07-12 01:30:00,2025-07-12 02:00:00,60.0,2,7.166669220000003,193,7,1
335,2025-07-12 11:30:00,2025-07-12 12:00:00,60.0,2,20.249999359999997,193,7,11
336,2025-07-14 23:30:00,2025-07-15 00:00:00,60.0,2,21.03333506,195,7,23
337,2025-07-15 21:30:00,2025-07-15 22:30:00,90.0,3,18.383331300000002,196,7,21
338,2025-07-17 19:00:00,2025-07-17 19:30:00,60.0,2,8.200000760000009,198,7,19
339,2025-07-19 16:30:00,2025-07-19 17:00:00,60.0,2,13.116664580000005,200,7,16
340,2025-07-20 19:00:00,2025-07-20 20:00:00,90.0,3,13.366668710000006,201,7,19
341,2025-07-24 20:00:00,2025-07-24 20:30:00,60.0,2,9.566666919999989,205,7,20
342,2025-07-31 23:30:00,2025-08-01 00:00:00,60.0,2,7.6000010199999934,212,7,23
343,2025-08-02 15:30:00,2025-08-02 16:00:00,60.0,2,8.266667700000013,214,8,15
344,2025-08-04 19:30:00,2025-08-04 21:00:00,120.0,4,15.43333435999999,216,8,19
345,2025-08-05 20:00:00,2025-08-05 20:30:00,60.0,2,27.09999974,217,8,20
346,2025-08-08 20:30:00,2025-08-08 21:00:00,60.0,2,9.400001520000004,220,8,20
347,2025-08-09 21:30:00,2025-08-09 22:00:00,60.0,2,6.166666680000006,221,8,21
348,2025-08-10 20:00:00,2025-08-10 20:30:00,60.0,2,7.500001280000006,222,8,20
349,2025-08-12 22:00:00,2025-08-12 22:30:00,60.0,2,7.900000879999993,224,8,22
350,2025-08-20 22:00:00,2025-08-20 22:30:00,60.0,2,15.833334620000002,232,8,22
351,2025-08-25 00:30:00,2025-08-25 01:00:00,60.0,2,6.4000015200000036,237,8,0
352,2025-08-25 18:30:00,2025-08-25 19:00:00,60.0,2,20.399998980000007,237,8,18
353,2025-08-30 14:00:00,2025-08-30 14:30:00,60.0,2,20.350000380000004,242,8,14
354,2025-09-08 00:30:00,2025-09-08 01:00:00,60.0,2,6.133332580000001,251,9,0
355,2025-09-08 11:00:00,2025-09-08 11:30:00,60.0,2,18.883333219999997,251,9,11
356,2025-09-09 20:00:00,2025-09-09 20:30:00,60.0,2,13.516665779999997,252,9,20
357,2025-09-16 19:30:00,2025-09-16 20:00:00,60.0,2,7.799997939999997,259,9,19
358,2025-09-17 19:00:00,2025-09-17 19:30:00,60.0,2,7.033334100000005,260,9,19
359,2025-09-21 19:00:00,2025-09-21 20:30:00,120.0,4,19.683332439999994,264,9,19
360,2025-09-22 20:30:00,2025-09-22 21:00:00,60.0,2,13.000000620000009,265,9,20
361,2025-09-25 20:30:00,2025-09-25 21:00:00,60.0,2,15.983332939999997,268,9,20
362,2025-09-28 19:00:00,2025-09-28 19:30:00,60.0,2,6.466667180000002,271,9,19
363,2025-10-04 20:00:00,2025-10-04 20:30:00,60.0,2,6.133335119999998,277,10,20
364,2025-10-05 12:30:00,2025-10-05 13:00:00,60.0,2,6.599997200000004,278,10,12
365,2025-10-07 20:00:00,2025-10-07 20:30:00,60.0,2,6.700000760000009,280,10,20
366,2025-10-08 22:00:00,2025-10-08 22:30:00,60.0,2,9.73333486,281,10,22
367,2025-10-11 15:00:00,2025-10-11 15:30:00,60.0,2,6.466668460000008,284,10,15
368,2025-10-17 14:30:00,2025-10-17 15:00:00,60.0,2,10.23333358,290,10,14
369,2025-10-18 19:00:00,2025-10-18 19:30:00,60.0,2,7.799999239999991,291,10,19
