timestamp,dhw_event_start,dhw_draw_active,dhw_draw_size_l,event_id
2024-01-01 00:00:00,0,0,0.0,0
2024-01-01 00:30:00,0,0,0.0,0
2024-01-01 01:00:00,0,0,0.0,0
2024-01-01 01:30:00,0,0,0.0,0
2024-01-01 02:00:00,0,0,0.0,0
2024-01-01 02:30:00,0,0,0.0,0
2024-01-01 03:00:00,0,0,0.0,0
2024-01-01 03:30:00,0,0,0.0,0
2024-01-01 04:00:00,0,0,0.0,0
2024-01-01 04:30:00,0,0,0.0,0
2024-01-01 05:00:00,1,1,1.6666677756261008,1
2024-01-01 05:30:00,0,1,1.6666677756261008,1
2024-01-01 06:00:00,0,1,1.6666677756261008,1
2024-01-01 06:30:00,0,1,1.6666677756261008,1
2024-01-01 07:00:00,0,0,0.0,0
2024-01-01 07:30:00,0,0,0.0,0
2024-01-01 08:00:00,0,0,0.0,0
2024-01-01 08:30:00,0,0,0.0,0
2024-01-01 09:00:00,0,0,0.0,0
2024-01-01 09:30:00,0,0,0.0,0
2024-01-01 10:00:00,0,0,0.0,0
2024-01-01 10:30:00,0,0,0.0,0
2024-01-01 11:00:00,0,0,0.0,0
2024-01-01 11:30:00,0,0,0.0,0
2024-01-01 12:00:00,0,0,0.0,0
2024-01-01 12:30:00,0,0,0.0,0
2024-01-01 13:00:00,0,0,0.0,0
2024-01-01 13:30:00,0,0,0.0,0
2024-01-01 14:00:00,0,0,0.0,0
2024-01-01 14:30:00,0,0,0.0,0
2024-01-01 15:00:00,0,0,0.0,0
2024-01-01 15:30:00,1,1,1.7083354768771102,2
2024-01-01 16:00:00,0,1,1.7083354768771102,2
2024-01-01 16:30:00,0,1,1.7083354768771102,2
2024-01-01 17:00:00,0,1,1.7083354768771102,2
2024-01-01 17:30:00,0,0,0.0,0
2024-01-01 18:00:00,1,1,0.7962967513893443,3
2024-01-01 18:30:00,0,1,0.7962967513893443,3
2024-01-01 19:00:00,0,1,0.7962967513893443,3
2024-01-01 19:30:00,0,1,0.7962967513893443,3
2024-01-01 20:00:00,0,1,0.7962967513893443,3
2024-01-01 20:30:00,0,1,0.7962967513893443,3
2024-01-01 21:00:00,0,1,0.7962967513893443,3
2024-01-01 21:30:00,0,1,0.7962967513893443,3
2024-01-01 22:00:00,0,1,0.7962967513893443,3
2024-01-01 22:30:00,0,0,0.0,0
2024-01-01 23:00:00,0,0,0.0,0
2024-01-01 23:30:00,0,0,0.0,0
2024-01-02 00:00:00,0,0,0.0,0
2024-01-02 00:30:00,0,0,0.0,0
2024-01-02 01:00:00,0,0,0.0,0
2024-01-02 01:30:00,0,0,0.0,0
2024-01-02 02:00:00,0,0,0.0,0
2024-01-02 02:30:00,0,0,0.0,0
2024-01-02 03:00:00,0,0,0.0,0
2024-01-02 03:30:00,0,0,0.0,0
2024-01-02 04:00:00,0,0,0.0,0
2024-01-02 04:30:00,0,0,0.0,0
2024-01-02 05:00:00,0,0,0.0,0
2024-01-02 05:30:00,0,0,0.0,0
2024-01-02 06:00:00,0,0,0.0,0
2024-01-02 06:30:00,0,0,0.0,0
2024-01-02 07:00:00,0,0,0.0,0
2024-01-02 07:30:00,0,0,0.0,0
2024-01-02 08:00:00,0,0,0.0,0
2024-01-02 08:30:00,0,0,0.0,0
2024-01-02 09:00:00,0,0,0.0,0
2024-01-02 09:30:00,0,0,0.0,0
2024-01-02 10:00:00,0,0,0.0,0
2024-01-02 10:30:00,1,1,8.367716930399109,4
2024-01-02 11:00:00,0,1,8.367716930399109,4
2024-01-02 11:30:00,0,0,0.0,0
2024-01-02 12:00:00,0,0,0.0,0
2024-01-02 12:30:00,0,0,0.0,0
2024-01-02 13:00:00,0,0,0.0,0
2024-01-02 13:30:00,0,0,0.0,0
2024-01-02 14:00:00,0,0,0.0,0
2024-01-02 14:30:00,0,0,0.0,0
2024-01-02 15:00:00,0,0,0.0,0
2024-01-02 15:30:00,0,0,0.0,0
2024-01-02 16:00:00,0,0,0.0,0
2024-01-02 16:30:00,0,0,0.0,0
2024-01-02 17:00:00,0,0,0.0,0
2024-01-02 17:30:00,1,1,6.833341907508441,5
2024-01-02 18:00:00,0,1,6.833341907508441,5
2024-01-02 18:30:00,0,0,0.0,0
2024-01-02 19:00:00,0,0,0.0,0
2024-01-02 19:30:00,0,0,0.0,0
2024-01-02 20:00:00,0,0,0.0,0
2024-01-02 20:30:00,0,0,0.0,0
2024-01-02 21:00:00,0,0,0.0,0
2024-01-02 21:30:00,0,0,0.0,0
2024-01-02 22:00:00,0,0,0.0,0
2024-01-02 22:30:00,0,0,0.0,0
2024-01-02 23:00:00,0,0,0.0,0
2024-01-02 23:30:00,0,0,0.0,0
2024-01-03 00:00:00,0,0,0.0,0
2024-01-03 00:30:00,0,0,0.0,0
2024-01-03 01:00:00,0,0,0.0,0
2024-01-03 01:30:00,0,0,0.0,0
2024-01-03 02:00:00,0,0,0.0,0
2024-01-03 02:30:00,0,0,0.0,0
2024-01-03 03:00:00,0,0,0.0,0
2024-01-03 03:30:00,0,0,0.0,0
2024-01-03 04:00:00,0,0,0.0,0
2024-01-03 04:30:00,0,0,0.0,0
2024-01-03 05:00:00,1,1,1.7083354768771102,6
2024-01-03 05:30:00,0,1,1.7083354768771102,6
2024-01-03 06:00:00,0,1,1.7083354768771102,6
2024-01-03 06:30:00,0,1,1.7083354768771102,6
2024-01-03 07:00:00,0,0,0.0,0
2024-01-03 07:30:00,0,0,0.0,0
2024-01-03 08:00:00,0,0,0.0,0
2024-01-03 08:30:00,0,0,0.0,0
2024-01-03 09:00:00,0,0,0.0,0
2024-01-03 09:30:00,0,0,0.0,0
2024-01-03 10:00:00,0,0,0.0,0
2024-01-03 10:30:00,0,0,0.0,0
2024-01-03 11:00:00,0,0,0.0,0
2024-01-03 11:30:00,0,0,0.0,0
2024-01-03 12:00:00,0,0,0.0,0
2024-01-03 12:30:00,0,0,0.0,0
2024-01-03 13:00:00,0,0,0.0,0
2024-01-03 13:30:00,0,0,0.0,0
2024-01-03 14:00:00,0,0,0.0,0
2024-01-03 14:30:00,0,0,0.0,0
2024-01-03 15:00:00,0,0,0.0,0
2024-01-03 15:30:00,0,0,0.0,0
2024-01-03 16:00:00,0,0,0.0,0
2024-01-03 16:30:00,0,0,0.0,0
2024-01-03 17:00:00,0,0,0.0,0
2024-01-03 17:30:00,0,0,0.0,0
2024-01-03 18:00:00,0,0,0.0,0
2024-01-03 18:30:00,0,0,0.0,0
2024-01-03 19:00:00,1,1,18.270852901581808,7
2024-01-03 19:30:00,0,1,18.270852901581808,7
2024-01-03 20:00:00,1,1,1.859492651199802,8
2024-01-03 20:30:00,0,1,1.859492651199802,8
2024-01-03 21:00:00,0,1,1.859492651199802,8
2024-01-03 21:30:00,0,1,1.859492651199802,8
2024-01-03 22:00:00,0,1,1.859492651199802,8
2024-01-03 22:30:00,0,1,1.859492651199802,8
2024-01-03 23:00:00,0,1,1.859492651199802,8
2024-01-03 23:30:00,0,1,1.859492651199802,8
2024-01-04 00:00:00,0,1,1.859492651199802,8
2024-01-04 00:30:00,0,0,0.0,0
2024-01-04 01:00:00,0,0,0.0,0
2024-01-04 01:30:00,0,0,0.0,0
2024-01-04 02:00:00,0,0,0.0,0
2024-01-04 02:30:00,0,0,0.0,0
2024-01-04 03:00:00,0,0,0.0,0
2024-01-04 03:30:00,0,0,0.0,0
2024-01-04 04:00:00,0,0,0.0,0
2024-01-04 04:30:00,1,1,1.7916676906260247,9
2024-01-04 05:00:00,0,1,1.7916676906260247,9
2024-01-04 05:30:00,0,1,1.7916676906260247,9
2024-01-04 06:00:00,0,1,1.7916676906260247,9
2024-01-04 06:30:00,0,0,0.0,0
2024-01-04 07:00:00,0,0,0.0,0
2024-01-04 07:30:00,0,0,0.0,0
2024-01-04 08:00:00,0,0,0.0,0
2024-01-04 08:30:00,0,0,0.0,0
2024-01-04 09:00:00,0,0,0.0,0
2024-01-04 09:30:00,0,0,0.0,0
2024-01-04 10:00:00,0,0,0.0,0
2024-01-04 10:30:00,0,0,0.0,0
2024-01-04 11:00:00,0,0,0.0,0
2024-01-04 11:30:00,0,0,0.0,0
2024-01-04 12:00:00,0,0,0.0,0
2024-01-04 12:30:00,0,0,0.0,0
2024-01-04 13:00:00,0,0,0.0,0
2024-01-04 13:30:00,0,0,0.0,0
2024-01-04 14:00:00,0,0,0.0,0
2024-01-04 14:30:00,0,0,0.0,0
2024-01-04 15:00:00,0,0,0.0,0
2024-01-04 15:30:00,0,0,0.0,0
2024-01-04 16:00:00,0,0,0.0,0
2024-01-04 16:30:00,0,0,0.0,0
2024-01-04 17:00:00,0,0,0.0,0
2024-01-04 17:30:00,0,0,0.0,0
2024-01-04 18:00:00,0,0,0.0,0
2024-01-04 18:30:00,0,0,0.0,0
2024-01-04 19:00:00,0,0,0.0,0
2024-01-04 19:30:00,1,1,3.5833353812520494,10
2024-01-04 20:00:00,0,1,3.5833353812520494,10
2024-01-04 20:30:00,1,1,3.4166709537542204,11
2024-01-04 21:00:00,0,1,3.4166709537542204,11
2024-01-04 21:30:00,0,0,0.0,0
2024-01-04 22:00:00,0,0,0.0,0
2024-01-04 22:30:00,0,0,0.0,0
2024-01-04 23:00:00,0,0,0.0,0
2024-01-04 23:30:00,0,0,0.0,0
2024-01-05 00:00:00,0,0,0.0,0
2024-01-05 00:30:00,0,0,0.0,0
2024-01-05 01:00:00,0,0,0.0,0
2024-01-05 01:30:00,0,0,0.0,0
2024-01-05 02:00:00,0,0,0.0,0
2024-01-05 02:30:00,0,0,0.0,0
2024-01-05 03:00:00,0,0,0.0,0
2024-01-05 03:30:00,0,0,0.0,0
2024-01-05 04:00:00,0,0,0.0,0
2024-01-05 04:30:00,0,0,0.0,0
2024-01-05 05:00:00,0,0,0.0,0
2024-01-05 05:30:00,0,0,0.0,0
2024-01-05 06:00:00,0,0,0.0,0
2024-01-05 06:30:00,0,0,0.0,0
2024-01-05 07:00:00,0,0,0.0,0
2024-01-05 07:30:00,0,0,0.0,0
2024-01-05 08:00:00,0,0,0.0,0
2024-01-05 08:30:00,0,0,0.0,0
2024-01-05 09:00:00,0,0,0.0,0
2024-01-05 09:30:00,0,0,0.0,0
2024-01-05 10:00:00,0,0,0.0,0
2024-01-05 10:30:00,0,0,0.0,0
2024-01-05 11:00:00,0,0,0.0,0
2024-01-05 11:30:00,0,0,0.0,0
2024-01-05 12:00:00,0,0,0.0,0
2024-01-05 12:30:00,0,0,0.0,0
2024-01-05 13:00:00,0,0,0.0,0
2024-01-05 13:30:00,0,0,0.0,0
2024-01-05 14:00:00,0,0,0.0,0
2024-01-05 14:30:00,0,0,0.0,0
2024-01-05 15:00:00,0,0,0.0,0
2024-01-05 15:30:00,0,0,0.0,0
2024-01-05 16:00:00,0,0,0.0,0
2024-01-05 16:30:00,0,0,0.0,0
2024-01-05 17:00:00,0,0,0.0,0
2024-01-05 17:30:00,0,0,0.0,0
2024-01-05 18:00:00,1,1,4.968753744534958,12
2024-01-05 18:30:00,0,1,4.968753744534958,12
2024-01-05 19:00:00,0,0,0.0,0
2024-01-05 19:30:00,0,0,0.0,0
2024-01-05 20:00:00,0,0,0.0,0
2024-01-05 20:30:00,0,0,0.0,0
2024-01-05 21:00:00,0,0,0.0,0
2024-01-05 21:30:00,0,0,0.0,0
2024-01-05 22:00:00,0,0,0.0,0
2024-01-05 22:30:00,0,0,0.0,0
2024-01-05 23:00:00,0,0,0.0,0
2024-01-05 23:30:00,0,0,0.0,0
2024-01-06 00:00:00,0,0,0.0,0
2024-01-06 00:30:00,0,0,0.0,0
2024-01-06 01:00:00,0,0,0.0,0
2024-01-06 01:30:00,0,0,0.0,0
2024-01-06 02:00:00,0,0,0.0,0
2024-01-06 02:30:00,0,0,0.0,0
2024-01-06 03:00:00,0,0,0.0,0
2024-01-06 03:30:00,0,0,0.0,0
2024-01-06 04:00:00,0,0,0.0,0
2024-01-06 04:30:00,0,0,0.0,0
2024-01-06 05:00:00,0,0,0.0,0
2024-01-06 05:30:00,1,1,3.3125024963566383,13
2024-01-06 06:00:00,0,1,3.3125024963566383,13
2024-01-06 06:30:00,0,1,3.3125024963566383,13
2024-01-06 07:00:00,0,0,0.0,0
2024-01-06 07:30:00,1,1,16.735433860798217,14
2024-01-06 08:00:00,0,1,16.735433860798217,14
2024-01-06 08:30:00,0,0,0.0,0
2024-01-06 09:00:00,0,0,0.0,0
2024-01-06 09:30:00,0,0,0.0,0
2024-01-06 10:00:00,1,1,2.484376872267479,15
2024-01-06 10:30:00,0,1,2.484376872267479,15
2024-01-06 11:00:00,0,1,2.484376872267479,15
2024-01-06 11:30:00,0,1,2.484376872267479,15
2024-01-06 12:00:00,0,0,0.0,0
2024-01-06 12:30:00,0,0,0.0,0
2024-01-06 13:00:00,0,0,0.0,0
2024-01-06 13:30:00,0,0,0.0,0
2024-01-06 14:00:00,0,0,0.0,0
2024-01-06 14:30:00,0,0,0.0,0
2024-01-06 15:00:00,0,0,0.0,0
2024-01-06 15:30:00,0,0,0.0,0
2024-01-06 16:00:00,0,0,0.0,0
2024-01-06 16:30:00,0,0,0.0,0
2024-01-06 17:00:00,0,0,0.0,0
2024-01-06 17:30:00,0,0,0.0,0
2024-01-06 18:00:00,0,0,0.0,0
2024-01-06 18:30:00,0,0,0.0,0
2024-01-06 19:00:00,0,0,0.0,0
2024-01-06 19:30:00,0,0,0.0,0
2024-01-06 20:00:00,0,0,0.0,0
2024-01-06 20:30:00,0,0,0.0,0
2024-01-06 21:00:00,0,0,0.0,0
2024-01-06 21:30:00,0,0,0.0,0
2024-01-06 22:00:00,0,0,0.0,0
2024-01-06 22:30:00,0,0,0.0,0
2024-01-06 23:00:00,1,1,3.5833353812520494,16
2024-01-06 23:30:00,0,1,3.5833353812520494,16
2024-01-07 00:00:00,0,0,0.0,0
2024-01-07 00:30:00,0,0,0.0,0
2024-01-07 01:00:00,0,0,0.0,0
2024-01-07 01:30:00,0,0,0.0,0
2024-01-07 02:00:00,0,0,0.0,0
2024-01-07 02:30:00,0,0,0.0,0
2024-01-07 03:00:00,0,0,0.0,0
2024-01-07 03:30:00,0,0,0.0,0
2024-01-07 04:00:00,1,1,12.180568601054539,17
2024-01-07 04:30:00,0,1,12.180568601054539,17
2024-01-07 05:00:00,0,1,12.180568601054539,17
2024-01-07 05:30:00,0,0,0.0,0
2024-01-07 06:00:00,0,0,0.0,0
2024-01-07 06:30:00,0,0,0.0,0
2024-01-07 07:00:00,0,0,0.0,0
2024-01-07 07:30:00,0,0,0.0,0
2024-01-07 08:00:00,0,0,0.0,0
2024-01-07 08:30:00,0,0,0.0,0
2024-01-07 09:00:00,0,0,0.0,0
2024-01-07 09:30:00,0,0,0.0,0
2024-01-07 10:00:00,0,0,0.0,0
2024-01-07 10:30:00,1,1,3.5833353812520494,18
2024-01-07 11:00:00,0,1,3.5833353812520494,18
2024-01-07 11:30:00,0,0,0.0,0
2024-01-07 12:00:00,0,0,0.0,0
2024-01-07 12:30:00,0,0,0.0,0
2024-01-07 13:00:00,0,0,0.0,0
2024-01-07 13:30:00,0,0,0.0,0
2024-01-07 14:00:00,0,0,0.0,0
2024-01-07 14:30:00,0,0,0.0,0
2024-01-07 15:00:00,0,0,0.0,0
2024-01-07 15:30:00,0,0,0.0,0
2024-01-07 16:00:00,1,1,2.484376872267479,19
2024-01-07 16:30:00,0,1,2.484376872267479,19
2024-01-07 17:00:00,0,1,2.484376872267479,19
2024-01-07 17:30:00,0,1,2.484376872267479,19
2024-01-07 18:00:00,0,0,0.0,0
2024-01-07 18:30:00,0,0,0.0,0
2024-01-07 19:00:00,0,0,0.0,0
2024-01-07 19:30:00,0,0,0.0,0
2024-01-07 20:00:00,0,0,0.0,0
2024-01-07 20:30:00,0,0,0.0,0
2024-01-07 21:00:00,0,0,0.0,0
2024-01-07 21:30:00,0,0,0.0,0
2024-01-07 22:00:00,0,0,0.0,0
2024-01-07 22:30:00,0,0,0.0,0
2024-01-07 23:00:00,0,0,0.0,0
2024-01-07 23:30:00,0,0,0.0,0
